sku,name
WZK90370,Aeorian Nullifier - Critical Role Unpainted Miniatures - W1
WZK90371,Aeorian Reverser - Critical Role Unpainted Miniatures - W1
WZK90387,Bugbear Fighter Male - Critical Role Unpainted Miniatures - W1
WZK90367,Core Spawn Crawlers - Critical Role Unpainted Miniatures - W1
WZK90368,Core Spawn Emissary and Seer - Critical Role Unpainted Miniatures - W1
WZK90383,Dwarf Dwendalian Empire Fighter Female - Critical Role Unpainted Miniatures - W1
WZK90374,Gloomstalker - Critical Role Unpainted Miniatures - W1
WZK90388,Goblin Sorceror and Rogue Female - Critical Role Unpainted Miniatures - W1
WZK90379,Half-Elf Echo Knight and Echo Female - Critical Role Unpainted Miniatures - W1
WZK90390,Half-Elf Paladin Xhorhas Female - Critical Role Unpainted Miniatures - W1
WZK90389,Hobgoblin Wizard and Druid Male - Critical Role Unpainted Miniatures - W1
WZK90380,Hollow One Rogue and Sorceror Male - Critical Role Unpainted Miniatures - W1
WZK90385,Human Clovis Concord Cleric Male - Critical Role Unpainted Miniatures - W1
WZK90386,Human Dwendalian Empire Fighter Female - Critical Role Unpainted Miniatures Wave 15 - W1
WZK90391,Human Graviturgy and Chronurgy Wizards Female - Critical Role Unpainted Miniatures - W1
WZK90376,Husk Zombies - Critical Role Unpainted Miniatures - W1
WZK90382,Lotusden Halfling Ranger Male - Critical Role Unpainted Miniatures - W1
WZK90381,Pallid Elf Rogue and Bard Male - Critical Role Unpainted Miniatures - W1
WZK90384,Ravenite Half-Dragon Barbarian Female - Critical Role Unpainted Miniatures - W1
WZK90392,Retail Reorder Cards - Critical Role Unpainted Miniatures - W1
WZK90375,Shallowpriest - Critical Role Unpainted Miniatures - W1
WZK90378,Swavain Basilisk - Critical Role Unpainted Miniatures - W1
WZK90305,Air Genasi Female - D&D Nolzur's Marvelous Miniatures - W15
WZK90316,Allip & Deathlock - D&D Nolzur's Marvelous Miniatures - W15
WZK90321,Annis Hag - D&D Nolzur's Marvelous Miniatures - W15
WZK90319,Autumn Eladrin & Summer Eladrin - D&D Nolzur's Marvelous Miniatures - W15
WZK90317,Boneclaw - D&D Nolzur's Marvelous Miniatures - W15
WZK90311,Bugbear Barbarian Male & Bugbear Rogue Female - D&D Nolzur's Marvelous Miniatures - W15
WZK90318,Crawling Claws - D&D Nolzur's Marvelous Miniatures - W15
WZK90312,Death Tyrant - D&D Nolzur's Marvelous Miniatures - W15
WZK90302,Dragonborn Fighter Female - D&D Nolzur's Marvelous Miniatures - W15
WZK90303,Dragonborn Fighter Male - D&D Nolzur's Marvelous Miniatures - W15
WZK90315,Gnoll Witherlings - D&D Nolzur's Marvelous Miniatures - W15
WZK90307,Half-Orc Paladin Male - D&D Nolzur's Marvelous Miniatures - W15
WZK90310,Hobgoblin Fighter Male & Hobgoblin Wizard Female - D&D Nolzur's Marvelous Miniatures - W15
WZK90306,Human Bard Male - D&D Nolzur's Marvelous Miniatures - W15
WZK90308,Lizardfolk Barbarian & Lizardfolk Cleric - D&D Nolzur's Marvelous Miniatures - W15
WZK90309,Male Goblin Rogue & Female Goblin Bard - D&D Nolzur's Marvelous Miniatures - W15
WZK90323,Nightwalker - D&D Nolzur's Marvelous Miniatures - W15
WZK90313,Planetar - D&D Nolzur's Marvelous Miniatures - W15
WZK90352,Retail Reorder Cards - D&D Nolzur's Marvelous Miniatures Wave 15 - W15
WZK90314,Stone Defender & Oaken Bolter - D&D Nolzur's Marvelous Miniatures - W15
WZK90304,Tiefling Sorcerer Female - D&D Nolzur's Marvelous Miniatures - W15
WZK90324,Warforged Titan - D&D Nolzur's Marvelous Miniatures - W15
WZK90320,Winter Eladrin & Spring Eladrin - D&D Nolzur's Marvelous Miniatures - W15
WZK90322,Young Blue Dragon - D&D Nolzur's Marvelous Miniatures - W15
WZK90344,Ghouls - Magic the Gathering Unpainted Miniatures - W15
WZK90346,Killian & Dina - Magic the Gathering Unpainted Miniatures - W15
WZK90348,Mage Hunter - Magic the Gathering Unpainted Miniatures - W15
WZK90347,"Quintorius, Field Historian - Magic the Gathering Unpainted Miniatures - W15"
WZK90353,Retail Reorder Cards - Magic the Gathering Unpainted Miniatures Wave 15 - W15
WZK90345,Rootha & Zimone - Magic the Gathering Unpainted Miniatures - W15
WZK90342,Rowan Kenrith & Will Kenrith - Magic the Gathering Unpainted Miniatures - W15
WZK90343,Wild Nacatls - Magic the Gathering Unpainted Miniatures - W15
WZK90330,Balisse & Astral Deva -  Pathfinder Deep Cuts - W15
WZK90331,Brain Collector -  Pathfinder Deep Cuts - W15
WZK90332,Giant Centipede -  Pathfinder Deep Cuts - W15
WZK90327,Gnome Bard Female -  Pathfinder Deep Cuts - W15
WZK90328,Halfling Monk Male -  Pathfinder Deep Cuts - W15
WZK90329,Human Alchemist Female -  Pathfinder Deep Cuts - W15
WZK90326,Human Fighter Female -  Pathfinder Deep Cuts - W15
WZK90354,Retail Reorder Cards -  Pathfinder Deep Cuts Wave 15 - W15